Method,Job,AnalyzeLaunchVariance,EvaluateOverhead,MaxAbsoluteError,MaxRelativeError,MinInvokeCount,MinIterationTime,RemoveOutliers,Affinity,Jit,Platform,Runtime,AllowVeryLargeObjects,Concurrent,CpuGroups,Force,RetainVm,Server,Clock,EngineFactory,Toolchain,InvocationCount,IterationTime,LaunchCount,RunStrategy,TargetCount,UnrollFactor,WarmupCount,Mean,Error,StdDev,Scaled
Unsafe,Default,False,Default,Default,Default,Default,Default,Default,255,RyuJit,X64,Core,False,True,False,True,False,False,Default,Default,Default,1,Default,Default,Default,Default,16,Default,55.91 ns,0.5293 ns,0.4692 ns,1.00
"'Calls, No Inlining'",Default,False,Default,Default,Default,Default,Default,Default,255,RyuJit,X64,Core,False,True,False,True,False,False,Default,Default,Default,1,Default,Default,Default,Default,16,Default,39.37 ns,0.0902 ns,0.0844 ns,0.70
"'Unrolled, No Inlining'",Default,False,Default,Default,Default,Default,Default,Default,255,RyuJit,X64,Core,False,True,False,True,False,False,Default,Default,Default,1,Default,Default,Default,Default,16,Default,11.93 ns,0.1219 ns,0.1081 ns,0.21
"'Calls, Inlining'",Default,False,Default,Default,Default,Default,Default,Default,255,RyuJit,X64,Core,False,True,False,True,False,False,Default,Default,Default,1,Default,Default,Default,Default,16,Default,30.42 ns,0.0928 ns,0.0823 ns,0.54
"'Unrolled, Inlining'",Default,False,Default,Default,Default,Default,Default,Default,255,RyuJit,X64,Core,False,True,False,True,False,False,Default,Default,Default,1,Default,Default,Default,Default,16,Default,11.93 ns,0.1003 ns,0.0838 ns,0.21
'Seed Read 1',Default,False,Default,Default,Default,Default,Default,Default,255,RyuJit,X64,Core,False,True,False,True,False,False,Default,Default,Default,1,Default,Default,Default,Default,16,Default,12.12 ns,0.1618 ns,0.1514 ns,0.22
'Seed Read 4',Default,False,Default,Default,Default,Default,Default,Default,255,RyuJit,X64,Core,False,True,False,True,False,False,Default,Default,Default,1,Default,Default,Default,Default,16,Default,12.01 ns,0.1978 ns,0.1850 ns,0.21
'Seed Lazy',Default,False,Default,Default,Default,Default,Default,Default,255,RyuJit,X64,Core,False,True,False,True,False,False,Default,Default,Default,1,Default,Default,Default,Default,16,Default,11.91 ns,0.0165 ns,0.0154 ns,0.21
'Seed Thread Lazy',Default,False,Default,Default,Default,Default,Default,Default,255,RyuJit,X64,Core,False,True,False,True,False,False,Default,Default,Default,1,Default,Default,Default,Default,16,Default,13.85 ns,0.0334 ns,0.0261 ns,0.25
